student_id,age,gender,ethnicity,parental_education,study_time_weekly,absences,tutoring,parental_support,extracurricular,sports,music,volunteering,gpa,grade_class,avg_daily_study_hours,performance_group,attendance_risk,tutoring_flag,parental_support_flag
1001,17,1,0,2,19.83,7,1,2,0,0,1,0,2.93,2,2.83,Medium,"Medium Risk",0,0
1002,18,0,0,1,15.41,0,0,1,0,0,0,0,3.04,1,2.20,Medium,"Low Risk",0,0
1003,15,0,2,3,4.21,26,0,2,0,0,0,0,0.11,4,0.60,Low,"High Risk",0,0
1004,17,1,0,3,10.03,14,0,3,1,0,0,0,2.05,3,1.43,Medium,"High Risk",0,0
1005,17,1,0,2,4.67,17,1,3,0,0,0,0,1.29,4,0.67,Low,"High Risk",0,0
1006,18,0,0,1,8.19,0,0,1,1,0,0,0,3.08,1,1.17,Medium,"Low Risk",0,0
1007,15,0,1,1,15.60,10,0,3,0,1,0,0,2.75,2,2.23,Medium,"High Risk",0,0
1008,15,1,1,4,15.42,22,1,1,1,0,0,0,1.36,4,2.20,Low,"High Risk",0,0
1009,17,0,0,0,4.56,1,0,2,0,1,0,1,2.90,2,0.65,Medium,"Low Risk",0,0
1010,16,1,0,1,18.44,0,0,3,1,0,0,0,3.57,0,2.63,High,"Low Risk",0,0
1011,17,0,0,1,11.85,11,0,1,0,0,0,0,2.15,3,1.69,Medium,"High Risk",0,0
1012,17,0,0,1,7.60,15,0,2,0,0,0,1,1.56,4,1.09,Low,"High Risk",0,0
1013,17,0,1,1,10.04,21,0,3,1,0,0,0,1.52,4,1.43,Low,"High Risk",0,0
1014,17,0,1,2,12.10,21,0,4,0,1,0,0,1.75,4,1.73,Low,"High Risk",0,0
1015,18,1,0,1,11.20,9,1,2,0,0,0,0,2.40,3,1.60,Medium,"Medium Risk",0,0
1016,15,0,0,2,9.73,17,1,0,0,1,0,0,1.34,4,1.39,Low,"High Risk",0,0
1017,18,0,3,1,10.10,14,0,2,1,1,0,0,2.23,3,1.44,Medium,"High Risk",0,0
1018,18,1,0,0,3.53,16,1,2,0,0,0,0,1.38,4,0.50,Low,"High Risk",0,0
1019,18,0,1,3,16.25,29,0,2,1,0,0,1,0.47,4,2.32,Low,"High Risk",0,0
1020,17,0,0,1,10.84,9,0,2,0,0,1,0,2.40,3,1.55,Medium,"Medium Risk",0,0
1021,16,1,0,3,2.62,2,0,3,0,0,0,1,2.78,2,0.37,Medium,"Low Risk",0,0
1022,15,0,0,2,15.32,25,0,1,1,0,0,0,0.35,4,2.19,Low,"High Risk",0,0
1023,16,1,1,0,18.65,29,1,1,0,0,0,0,0.31,4,2.66,Low,"High Risk",0,0
1024,18,1,3,4,18.95,20,0,2,1,0,0,0,1.77,4,2.71,Low,"High Risk",0,0
1025,18,1,0,1,7.38,15,0,2,0,0,0,0,1.51,4,1.05,Low,"High Risk",0,0
1026,16,1,0,3,2.71,5,0,4,0,0,1,0,2.98,2,0.39,Medium,"Medium Risk",0,0
1027,16,0,0,1,10.37,2,0,2,0,1,0,0,2.95,2,1.48,Medium,"Low Risk",0,0
1028,16,1,0,3,2.25,8,0,3,0,0,1,0,2.15,3,0.32,Medium,"Medium Risk",0,0
1029,18,0,0,0,18.68,10,0,3,1,0,0,0,2.85,2,2.67,Medium,"High Risk",0,0
1030,18,0,0,2,3.67,20,0,3,1,0,0,0,1.52,4,0.52,Low,"High Risk",0,0
1031,15,0,2,2,5.06,12,1,0,0,1,0,0,1.73,4,0.72,Low,"High Risk",0,0
1032,15,0,0,3,8.13,17,0,4,0,0,0,1,1.85,4,1.16,Low,"High Risk",0,0
1033,18,0,0,3,7.66,25,0,1,0,1,0,0,0.38,4,1.09,Low,"High Risk",0,0
1034,16,0,3,3,15.89,21,0,0,1,1,0,0,0.95,4,2.27,Low,"High Risk",0,0
1035,16,0,0,3,9.13,27,1,2,1,1,0,0,1.14,4,1.30,Low,"High Risk",0,0
1036,15,0,3,1,3.42,23,0,1,0,0,0,0,0.26,4,0.49,Low,"High Risk",0,0
1037,18,0,0,1,5.34,26,1,1,0,0,0,0,0.22,4,0.76,Low,"High Risk",0,0
1038,15,0,2,1,10.18,21,1,1,0,1,0,0,1.07,4,1.45,Low,"High Risk",0,0
1039,15,1,1,1,2.95,3,1,1,1,1,0,0,3.02,1,0.42,Medium,"Low Risk",0,0
1040,17,1,2,1,12.23,21,1,3,1,1,0,0,1.53,4,1.75,Low,"High Risk",0,0
1041,17,1,3,2,11.31,23,1,1,0,0,0,0,1.06,4,1.62,Low,"High Risk",0,0
1042,17,0,0,1,14.29,7,0,2,0,0,0,0,2.63,2,2.04,Medium,"Medium Risk",0,0
1043,16,1,3,2,18.75,12,1,4,0,0,0,0,2.81,2,2.68,Medium,"High Risk",0,0
1044,18,1,0,1,18.25,9,0,2,0,1,0,0,2.89,2,2.61,Medium,"Medium Risk",0,0
1045,18,1,0,1,18.92,1,1,3,1,1,0,0,4.00,0,2.70,High,"Low Risk",0,0
1046,18,0,0,2,4.89,7,0,4,0,0,1,0,2.52,2,0.70,Medium,"Medium Risk",0,0
1047,18,0,1,2,2.63,5,0,1,1,0,0,0,2.56,2,0.38,Medium,"Medium Risk",0,0
1048,17,0,0,2,6.05,15,0,2,0,0,0,0,1.70,4,0.86,Low,"High Risk",0,0
1049,16,0,1,2,17.90,17,0,3,0,0,1,0,2.10,3,2.56,Medium,"High Risk",0,0
1050,16,1,1,1,19.44,16,0,4,1,0,0,0,2.46,3,2.78,Medium,"High Risk",0,0
1051,17,1,2,2,17.19,5,0,3,0,0,0,0,2.94,2,2.46,Medium,"Medium Risk",0,0
1052,16,1,2,0,2.20,12,1,1,1,0,1,0,1.99,4,0.31,Low,"High Risk",0,0
1053,17,1,0,1,18.95,22,0,4,0,0,1,0,1.57,4,2.71,Low,"High Risk",0,0
1054,18,0,0,2,8.47,13,0,1,0,1,0,0,1.66,4,1.21,Low,"High Risk",0,0
1055,17,0,0,0,0.19,29,1,2,1,1,0,0,0.76,4,0.03,Low,"High Risk",0,0
1056,18,0,0,1,8.85,25,0,2,0,1,0,0,0.80,4,1.26,Low,"High Risk",0,0
1057,18,1,0,4,0.92,20,0,2,0,1,1,0,1.34,4,0.13,Low,"High Risk",0,0
1058,15,0,0,4,10.88,29,0,3,1,0,0,0,0.29,4,1.55,Low,"High Risk",0,0
1059,17,0,0,1,6.77,9,1,3,0,1,0,0,2.61,2,0.97,Medium,"Medium Risk",0,0
1060,15,1,3,0,9.47,23,0,3,0,1,0,0,0.93,4,1.35,Low,"High Risk",0,0
1061,17,1,1,1,12.26,10,0,0,1,0,1,0,1.89,4,1.75,Low,"High Risk",0,0
1062,17,0,0,1,17.38,12,0,2,0,0,1,0,2.33,3,2.48,Medium,"High Risk",0,0
1063,15,0,1,3,13.24,11,0,3,0,1,0,0,2.23,3,1.89,Medium,"High Risk",0,0
1064,15,0,0,1,8.68,8,0,2,0,1,0,0,2.39,3,1.24,Medium,"Medium Risk",0,0
1065,17,0,0,2,16.39,3,1,4,0,0,0,0,3.35,1,2.34,Medium,"Low Risk",0,0
1066,16,0,1,1,18.11,6,1,3,1,0,0,0,3.26,1,2.59,Medium,"Medium Risk",0,0
1067,18,0,0,4,2.40,23,0,3,0,1,0,0,1.04,4,0.34,Low,"High Risk",0,0
1068,15,1,0,1,10.64,28,0,0,0,1,0,0,0.03,4,1.52,Low,"High Risk",0,0
1069,18,1,3,2,5.69,21,1,3,0,0,1,0,1.33,4,0.81,Low,"High Risk",0,0
1070,16,1,2,1,0.94,1,0,4,0,0,1,0,3.28,1,0.13,Medium,"Low Risk",0,0
1071,16,0,1,2,13.37,6,0,2,1,0,0,0,2.94,2,1.91,Medium,"Medium Risk",0,0
1072,16,1,1,1,17.26,28,0,3,0,0,1,1,0.74,4,2.47,Low,"High Risk",0,0
1073,15,0,1,1,3.26,8,0,2,1,1,0,0,2.56,2,0.47,Medium,"Medium Risk",0,0
1074,16,0,0,3,16.25,4,1,2,0,0,0,0,3.30,1,2.32,Medium,"Low Risk",0,0
1075,15,1,0,3,17.07,14,0,3,1,0,1,0,2.20,3,2.44,Medium,"High Risk",0,0
1076,16,0,0,3,18.29,17,0,3,0,1,0,0,1.86,4,2.61,Low,"High Risk",0,0
1077,18,0,0,2,5.31,3,0,3,0,0,0,0,2.73,2,0.76,Medium,"Low Risk",0,0
1078,18,1,1,3,18.08,18,1,1,1,1,0,0,2.13,3,2.58,Medium,"High Risk",0,0
1079,17,1,0,0,6.41,19,0,1,0,0,0,0,0.98,4,0.92,Low,"High Risk",0,0
1080,18,1,3,1,11.05,25,0,3,0,1,0,0,0.99,4,1.58,Low,"High Risk",0,0
1081,17,0,3,1,1.01,6,0,1,0,1,0,0,2.07,3,0.14,Medium,"Medium Risk",0,0
1082,18,1,2,2,0.88,25,0,2,0,0,0,0,0.50,4,0.13,Low,"High Risk",0,0
1083,15,1,1,1,14.41,7,0,0,1,1,0,0,2.53,2,2.06,Medium,"Medium Risk",0,0
1084,18,0,2,1,8.89,16,0,1,0,1,0,0,1.46,4,1.27,Low,"High Risk",0,0
1085,17,1,0,2,5.13,12,0,3,1,1,0,0,2.34,3,0.73,Medium,"High Risk",0,0
1086,17,1,2,3,3.81,23,0,3,0,0,0,0,1.16,4,0.54,Low,"High Risk",0,0
1087,16,1,0,1,13.40,20,1,1,1,0,1,1,1.52,4,1.91,Low,"High Risk",0,0
1088,15,0,2,1,0.01,27,0,1,0,0,1,0,0.00,4,0.00,Low,"High Risk",0,0
1089,18,0,0,1,16.12,22,0,0,1,0,1,0,1.06,4,2.30,Low,"High Risk",0,0
1090,16,0,2,1,1.58,10,0,2,0,0,1,1,2.23,3,0.23,Medium,"High Risk",0,0
1091,18,0,3,1,3.83,26,0,1,0,0,0,1,0.19,4,0.55,Low,"High Risk",0,0
1092,18,1,0,2,7.72,0,0,2,1,1,0,0,3.51,0,1.10,High,"Low Risk",0,0
1093,16,0,0,2,9.70,1,1,3,0,0,0,0,3.55,0,1.39,High,"Low Risk",0,0
1094,16,0,3,2,7.10,16,1,3,0,1,0,0,2.24,3,1.01,Medium,"High Risk",0,0
1095,16,1,0,1,6.41,4,0,1,1,1,0,0,2.71,2,0.92,Medium,"Low Risk",0,0
1096,16,1,2,3,19.28,29,0,3,0,0,0,1,0.73,4,2.75,Low,"High Risk",0,0
1097,16,1,1,1,12.83,29,0,4,0,0,1,0,0.97,4,1.83,Low,"High Risk",0,0
1098,18,0,0,2,0.47,5,0,2,0,1,0,0,2.56,2,0.07,Medium,"Medium Risk",0,0
1099,16,0,0,3,8.60,25,0,2,1,0,1,1,0.74,4,1.23,Low,"High Risk",0,0
1100,15,0,0,1,17.50,24,0,2,0,0,0,0,0.72,4,2.50,Low,"High Risk",0,0
1101,17,1,2,1,6.03,23,1,1,1,1,0,1,1.27,4,0.86,Low,"High Risk",0,0
1102,16,1,0,3,1.89,6,0,3,1,0,1,1,2.53,2,0.27,Medium,"Medium Risk",0,0
1103,16,0,1,1,15.17,27,0,3,1,1,0,0,0.94,4,2.17,Low,"High Risk",0,0
1104,18,1,0,2,12.12,20,1,2,0,1,0,0,1.52,4,1.73,Low,"High Risk",0,0
1105,16,1,1,0,11.41,29,0,3,1,0,0,0,0.65,4,1.63,Low,"High Risk",0,0
1106,16,1,2,2,1.07,14,0,3,0,1,1,1,2.05,3,0.15,Medium,"High Risk",0,0
1107,16,0,3,1,2.81,18,0,0,1,0,0,1,0.84,4,0.40,Low,"High Risk",0,0
1108,18,1,0,0,12.45,15,0,1,0,1,0,0,1.46,4,1.78,Low,"High Risk",0,0
1109,16,1,2,2,4.16,24,1,3,1,1,0,0,1.49,4,0.59,Low,"High Risk",0,0
1110,17,0,2,1,10.08,12,1,4,0,0,0,0,2.59,2,1.44,Medium,"High Risk",0,0
1111,18,0,1,1,10.90,4,1,3,0,0,0,0,3.22,1,1.56,Medium,"Low Risk",0,0
1112,17,1,3,0,5.67,2,1,4,0,0,1,0,3.55,0,0.81,High,"Low Risk",0,0
1113,18,1,0,1,18.97,2,0,2,0,0,0,0,3.09,1,2.71,Medium,"Low Risk",0,0
1114,16,0,0,1,16.85,18,1,1,0,1,1,0,1.92,4,2.41,Low,"High Risk",0,0
1115,17,0,2,0,14.45,13,1,2,0,0,0,0,2.20,3,2.06,Medium,"High Risk",0,0
1116,18,1,0,3,1.56,15,0,0,0,0,0,1,0.88,4,0.22,Low,"High Risk",0,0
1117,15,1,2,0,2.12,21,0,3,1,0,1,0,1.34,4,0.30,Low,"High Risk",0,0
1118,16,1,2,2,9.86,16,0,4,0,0,0,0,1.82,4,1.41,Low,"High Risk",0,0
1119,18,1,0,1,3.21,26,0,3,0,1,0,0,0.62,4,0.46,Low,"High Risk",0,0
1120,15,0,2,1,19.57,3,0,2,1,0,1,1,3.62,0,2.80,High,"Low Risk",0,0
1121,18,1,0,3,3.17,12,1,1,1,1,0,0,2.17,3,0.45,Medium,"High Risk",0,0
1122,15,1,1,1,9.75,7,1,1,0,1,1,0,2.97,2,1.39,Medium,"Medium Risk",0,0
1123,16,0,1,4,7.28,18,0,2,0,0,0,0,0.98,4,1.04,Low,"High Risk",0,0
1124,17,1,3,1,12.79,4,0,3,0,0,0,0,3.10,1,1.83,Medium,"Low Risk",0,0
1125,15,0,0,2,2.58,1,1,2,1,0,1,0,3.50,1,0.37,Medium,"Low Risk",0,0
1126,18,1,0,2,8.61,14,0,4,1,0,0,0,2.59,2,1.23,Medium,"High Risk",0,0
1127,16,1,1,3,5.49,1,0,3,1,0,0,0,3.54,0,0.78,High,"Low Risk",0,0
1128,15,0,2,2,17.76,10,1,1,0,1,0,0,2.82,2,2.54,Medium,"High Risk",0,0
1129,18,0,1,2,0.81,12,1,1,1,1,0,0,2.02,3,0.12,Medium,"High Risk",0,0
1130,18,1,0,1,18.27,22,1,3,0,0,0,0,1.37,4,2.61,Low,"High Risk",0,0
1131,18,1,0,1,16.66,9,0,1,0,0,0,0,2.10,3,2.38,Medium,"Medium Risk",0,0
1132,15,1,0,3,5.95,2,0,3,0,0,0,0,3.03,1,0.85,Medium,"Low Risk",0,0
1133,15,0,2,1,15.79,4,1,2,0,1,0,0,3.58,0,2.26,High,"Low Risk",0,0
1134,15,1,0,1,0.62,2,0,1,1,0,0,0,2.43,3,0.09,Medium,"Low Risk",0,0
1135,17,0,0,2,19.34,5,1,2,1,0,0,0,3.16,1,2.76,Medium,"Medium Risk",0,0
1136,15,0,3,1,10.53,12,0,2,1,0,0,0,2.12,3,1.50,Medium,"High Risk",0,0
1137,15,1,0,4,6.07,9,0,3,0,1,0,0,2.20,3,0.87,Medium,"Medium Risk",0,0
1138,15,0,3,2,7.25,18,0,0,1,0,1,1,1.18,4,1.04,Low,"High Risk",0,0
1139,17,1,1,2,1.33,7,0,3,1,0,0,0,2.74,2,0.19,Medium,"Medium Risk",0,0
1140,15,1,2,3,19.79,17,1,3,0,0,0,0,2.24,3,2.83,Medium,"High Risk",0,0
1141,18,1,0,0,0.79,2,0,3,1,0,0,0,3.14,1,0.11,Medium,"Low Risk",0,0
1142,15,1,0,1,13.10,23,1,0,1,1,0,0,1.05,4,1.87,Low,"High Risk",0,0
1143,18,1,2,2,8.85,23,1,3,0,0,0,0,0.82,4,1.26,Low,"High Risk",0,0
1144,18,0,2,1,18.98,16,0,2,1,0,1,0,2.03,3,2.71,Medium,"High Risk",0,0
1145,18,0,2,2,4.92,7,1,2,1,1,0,0,2.43,3,0.70,Medium,"Medium Risk",0,0
1146,17,1,0,3,10.64,9,0,3,1,0,0,0,2.66,2,1.52,Medium,"Medium Risk",0,0
1147,17,1,2,2,9.65,1,1,2,1,0,0,1,3.59,0,1.38,High,"Low Risk",0,0
1148,17,0,2,1,14.06,11,0,3,0,1,0,0,2.31,3,2.01,Medium,"High Risk",0,0
1149,15,0,1,4,1.36,22,0,1,1,1,0,1,1.01,4,0.19,Low,"High Risk",0,0
1150,18,0,2,2,3.88,5,0,3,1,0,0,0,2.88,2,0.55,Medium,"Medium Risk",0,0
1151,17,0,2,2,4.29,1,0,1,0,1,1,0,2.80,2,0.61,Medium,"Low Risk",0,0
1152,17,1,1,1,14.76,20,1,3,0,1,0,0,1.76,4,2.11,Low,"High Risk",0,0
1153,15,1,0,3,3.78,22,0,4,1,0,0,1,1.12,4,0.54,Low,"High Risk",0,0
1154,17,0,0,2,11.47,23,0,2,0,0,0,0,1.03,4,1.64,Low,"High Risk",0,0
1155,15,1,0,2,4.30,2,0,2,1,0,0,0,3.08,1,0.61,Medium,"Low Risk",0,0
1156,16,0,0,3,17.23,16,1,3,1,1,0,0,2.63,2,2.46,Medium,"High Risk",0,0
1157,17,1,0,1,18.84,28,0,0,0,1,1,1,0.50,4,2.69,Low,"High Risk",0,0
1158,16,0,0,2,10.37,6,0,2,0,0,0,0,2.78,2,1.48,Medium,"Medium Risk",0,0
1159,15,1,0,3,7.05,28,0,2,0,0,0,0,0.25,4,1.01,Low,"High Risk",0,0
1160,18,0,0,1,4.68,20,0,3,0,0,0,1,1.19,4,0.67,Low,"High Risk",0,0
1161,17,0,2,2,1.00,4,1,3,1,0,0,1,3.38,1,0.14,Medium,"Low Risk",0,0
1162,15,1,3,3,5.37,22,1,3,0,0,0,0,1.29,4,0.77,Low,"High Risk",0,0
1163,18,0,0,2,13.08,0,1,3,0,0,1,1,3.72,0,1.87,High,"Low Risk",0,0
1164,18,1,3,2,10.67,7,0,3,1,0,0,0,2.67,2,1.52,Medium,"Medium Risk",0,0
1165,16,1,1,3,18.88,11,1,2,1,0,0,0,2.37,3,2.70,Medium,"High Risk",0,0
1166,15,0,0,3,7.93,13,0,2,0,1,0,0,1.62,4,1.13,Low,"High Risk",0,0
1167,18,1,0,1,13.88,15,1,2,1,1,0,0,2.54,2,1.98,Medium,"High Risk",0,0
1168,17,1,1,0,9.79,9,0,4,0,1,0,0,2.30,3,1.40,Medium,"Medium Risk",0,0
1169,17,1,2,2,10.25,14,0,3,1,0,0,0,2.26,3,1.46,Medium,"High Risk",0,0
1170,16,1,2,2,5.36,20,0,2,0,1,0,0,1.32,4,0.77,Low,"High Risk",0,0
1171,18,1,0,2,9.10,23,0,3,0,1,0,0,0.95,4,1.30,Low,"High Risk",0,0
1172,15,0,0,2,9.42,25,0,2,1,0,0,1,0.82,4,1.35,Low,"High Risk",0,0
1173,17,1,0,1,14.13,14,1,3,0,0,0,0,2.34,3,2.02,Medium,"High Risk",0,0
1174,18,1,0,2,18.81,9,0,2,0,1,0,0,2.68,2,2.69,Medium,"Medium Risk",0,0
1175,18,1,0,1,6.59,20,1,1,1,0,0,0,1.54,4,0.94,Low,"High Risk",0,0
1176,16,1,0,2,0.84,27,0,3,1,0,0,0,0.20,4,0.12,Low,"High Risk",0,0
1177,17,1,2,2,9.93,6,0,3,0,0,0,0,2.75,2,1.42,Medium,"Medium Risk",0,0
1178,17,0,3,1,10.89,25,1,2,1,0,1,0,1.10,4,1.56,Low,"High Risk",0,0
1179,15,1,0,1,3.37,2,0,2,1,0,0,0,2.55,2,0.48,Medium,"Low Risk",0,0
1180,17,0,3,2,15.21,1,0,3,1,0,0,1,3.27,1,2.17,Medium,"Low Risk",0,0
1181,15,0,0,2,19.70,5,1,3,0,0,0,0,3.19,1,2.81,Medium,"Medium Risk",0,0
1182,17,0,0,1,18.92,20,0,3,1,0,0,0,1.72,4,2.70,Low,"High Risk",0,0
1183,16,0,0,4,3.94,8,0,2,1,1,0,0,2.34,3,0.56,Medium,"Medium Risk",0,0
1184,17,1,1,2,17.51,9,1,4,1,1,0,0,3.27,1,2.50,Medium,"Medium Risk",0,0
1185,15,0,3,4,14.09,3,0,3,0,0,0,0,2.99,2,2.01,Medium,"Low Risk",0,0
1186,15,0,1,2,9.08,26,1,3,1,0,0,0,0.90,4,1.30,Low,"High Risk",0,0
1187,16,1,0,2,10.81,2,0,3,0,0,0,0,2.96,2,1.54,Medium,"Low Risk",0,0
1188,17,1,1,3,16.99,8,0,1,1,0,0,0,2.67,2,2.43,Medium,"Medium Risk",0,0
1189,17,1,0,2,9.60,23,0,0,1,1,0,0,1.22,4,1.37,Low,"High Risk",0,0
1190,16,0,2,2,7.46,21,1,3,0,0,0,0,1.37,4,1.07,Low,"High Risk",0,0
1191,17,1,1,1,9.86,16,0,2,0,0,0,1,1.52,4,1.41,Low,"High Risk",0,0
1192,17,1,0,2,11.58,13,1,3,0,0,0,0,2.23,3,1.65,Medium,"High Risk",0,0
1193,15,0,1,1,3.78,9,0,2,1,0,0,0,2.14,3,0.54,Medium,"Medium Risk",0,0
1194,17,1,1,1,18.02,12,0,2,0,0,0,0,2.26,3,2.57,Medium,"High Risk",0,0
1195,17,1,0,0,13.48,11,1,1,1,0,1,0,2.75,2,1.93,Medium,"High Risk",0,0
1196,16,1,1,0,12.67,26,0,3,1,1,0,0,0.90,4,1.81,Low,"High Risk",0,0
1197,16,1,0,4,1.99,0,0,1,1,0,0,1,3.12,1,0.28,Medium,"Low Risk",0,0
1198,18,0,2,1,12.08,27,0,3,1,0,1,0,1.29,4,1.73,Low,"High Risk",0,0
1199,15,1,2,2,2.42,21,0,2,0,0,0,0,0.57,4,0.35,Low,"High Risk",0,0
1200,17,1,2,3,1.57,28,0,3,1,0,0,0,0.58,4,0.22,Low,"High Risk",0,0
1201,17,0,1,2,10.55,18,0,1,0,0,1,0,1.64,4,1.51,Low,"High Risk",0,0
1202,18,1,1,1,8.06,18,0,1,0,0,0,0,1.23,4,1.15,Low,"High Risk",0,0
1203,17,0,0,2,11.78,5,0,3,0,1,0,1,2.97,2,1.68,Medium,"Medium Risk",0,0
1204,15,1,2,2,1.78,12,0,2,1,0,0,0,2.01,3,0.25,Medium,"High Risk",0,0
1205,18,0,0,2,8.62,18,0,1,1,0,0,0,1.15,4,1.23,Low,"High Risk",0,0
1206,15,0,0,2,3.50,12,1,4,0,0,0,0,2.19,3,0.50,Medium,"High Risk",0,0
1207,18,0,0,4,19.74,26,1,1,1,0,0,0,0.95,4,2.82,Low,"High Risk",0,0
1208,18,0,0,2,11.22,25,0,2,1,0,0,0,0.57,4,1.60,Low,"High Risk",0,0
1209,16,1,1,1,13.75,21,0,1,0,0,0,0,0.97,4,1.96,Low,"High Risk",0,0
1210,15,0,0,2,6.51,20,1,2,1,0,1,1,1.66,4,0.93,Low,"High Risk",0,0
1211,17,1,2,0,1.89,3,0,2,0,0,1,0,2.84,2,0.27,Medium,"Low Risk",0,0
1212,17,0,0,3,19.52,23,0,1,0,0,1,1,0.19,4,2.79,Low,"High Risk",0,0
1213,15,0,0,1,5.73,1,0,3,1,0,0,0,3.26,1,0.82,Medium,"Low Risk",0,0
1214,17,0,1,1,8.48,14,1,2,0,0,0,0,1.92,4,1.21,Low,"High Risk",0,0
1215,17,1,0,3,13.00,11,0,3,0,0,0,0,2.02,3,1.86,Medium,"High Risk",0,0
1216,15,0,0,2,0.49,29,1,1,1,0,0,0,0.13,4,0.07,Low,"High Risk",0,0
1217,18,1,2,1,16.21,26,1,2,1,0,0,0,1.29,4,2.32,Low,"High Risk",0,0
1218,15,1,0,2,10.73,6,0,0,1,0,1,0,2.59,2,1.53,Medium,"Medium Risk",0,0
1219,18,1,2,3,5.56,19,1,3,0,0,0,0,1.46,4,0.79,Low,"High Risk",0,0
1220,17,1,0,1,1.23,17,0,3,0,0,0,0,1.47,4,0.18,Low,"High Risk",0,0
1221,17,1,0,3,3.25,22,0,3,1,1,0,1,1.71,4,0.46,Low,"High Risk",0,0
1222,17,1,2,0,17.90,12,0,2,0,1,0,1,2.29,3,2.56,Medium,"High Risk",0,0
1223,16,1,0,2,13.72,16,0,3,0,0,1,0,1.96,4,1.96,Low,"High Risk",0,0
1224,18,1,0,3,5.00,3,0,3,0,0,0,0,2.62,2,0.71,Medium,"Low Risk",0,0
1225,16,1,0,1,1.31,24,0,0,1,0,0,0,0.77,4,0.19,Low,"High Risk",0,0
1226,16,0,0,2,13.81,13,0,1,0,0,1,0,1.81,4,1.97,Low,"High Risk",0,0
1227,15,0,2,1,11.45,19,0,2,0,0,0,0,0.88,4,1.64,Low,"High Risk",0,0
1228,16,0,0,2,8.09,27,0,3,0,1,0,0,0.82,4,1.16,Low,"High Risk",0,0
1229,15,0,2,2,7.27,12,1,0,0,0,0,0,1.45,4,1.04,Low,"High Risk",0,0
1230,15,0,2,2,4.34,2,0,3,0,1,0,0,3.34,1,0.62,Medium,"Low Risk",0,0
1231,16,1,0,1,13.39,25,0,2,0,0,0,0,0.82,4,1.91,Low,"High Risk",0,0
1232,18,1,3,1,19.41,25,0,2,0,0,0,0,0.68,4,2.77,Low,"High Risk",0,0
1233,18,1,0,0,3.51,17,0,1,0,1,0,1,1.39,4,0.50,Low,"High Risk",0,0
1234,18,1,3,1,11.94,13,0,2,0,1,0,1,1.99,4,1.71,Low,"High Risk",0,0
1235,18,1,0,2,8.48,14,0,0,0,1,0,0,1.64,4,1.21,Low,"High Risk",0,0
1236,18,1,1,3,8.93,2,0,0,0,1,0,0,2.51,2,1.28,Medium,"Low Risk",0,0
1237,16,1,0,2,5.08,0,0,3,0,0,1,0,2.98,2,0.73,Medium,"Low Risk",0,0
1238,16,0,0,2,16.50,25,1,2,0,0,1,0,1.26,4,2.36,Low,"High Risk",0,0
1239,17,0,1,4,9.71,23,1,2,0,0,0,0,1.42,4,1.39,Low,"High Risk",0,0
1240,18,0,2,2,10.87,16,0,1,1,0,1,0,1.60,4,1.55,Low,"High Risk",0,0
1241,16,0,0,3,6.10,2,1,2,0,1,0,0,3.09,1,0.87,Medium,"Low Risk",0,0
1242,17,1,0,2,3.64,13,0,0,1,1,0,0,1.64,4,0.52,Low,"High Risk",0,0
1243,18,1,2,1,1.72,2,0,2,0,1,0,0,2.59,2,0.25,Medium,"Low Risk",0,0
1244,15,1,1,0,14.28,12,1,2,0,0,0,0,2.39,3,2.04,Medium,"High Risk",0,0
1245,17,0,3,2,3.92,14,0,2,1,0,0,0,1.90,4,0.56,Low,"High Risk",0,0
1246,16,1,2,1,13.80,17,0,4,0,1,0,0,2.11,3,1.97,Medium,"High Risk",0,0
1247,15,1,3,1,7.81,13,0,2,0,0,0,0,1.70,4,1.12,Low,"High Risk",0,0
1248,15,1,2,2,8.32,20,0,2,1,0,0,0,1.04,4,1.19,Low,"High Risk",0,0
1249,15,0,0,2,9.38,25,0,2,0,1,0,0,1.19,4,1.34,Low,"High Risk",0,0
1250,17,1,0,2,7.35,2,0,1,0,0,1,0,2.65,2,1.05,Medium,"Low Risk",0,0
1251,16,0,2,1,2.01,18,0,3,0,1,0,0,1.23,4,0.29,Low,"High Risk",0,0
1252,15,0,1,1,6.19,7,0,2,1,0,0,0,2.13,3,0.88,Medium,"Medium Risk",0,0
1253,18,0,0,2,13.27,3,1,1,1,0,0,0,2.91,2,1.90,Medium,"Low Risk",0,0
1254,15,0,0,4,13.32,3,0,3,0,0,0,1,3.12,1,1.90,Medium,"Low Risk",0,0
1255,15,1,3,2,5.72,18,1,0,0,0,0,0,1.04,4,0.82,Low,"High Risk",0,0
1256,17,0,1,3,9.20,10,0,4,1,0,0,1,2.40,3,1.31,Medium,"High Risk",0,0
1257,17,0,0,2,3.87,0,1,3,0,0,0,0,3.16,1,0.55,Medium,"Low Risk",0,0
1258,16,1,0,2,4.21,7,1,2,0,1,1,0,2.72,2,0.60,Medium,"Medium Risk",0,0
1259,18,1,0,1,0.46,14,0,1,1,1,0,0,1.53,4,0.07,Low,"High Risk",0,0
1260,17,0,0,2,17.93,0,0,1,0,0,0,0,3.47,1,2.56,Medium,"Low Risk",0,0
1261,15,1,0,2,4.21,6,0,1,1,0,0,0,2.30,3,0.60,Medium,"Medium Risk",0,0
1262,16,0,0,2,4.55,20,1,1,1,0,0,0,1.27,4,0.65,Low,"High Risk",0,0
1263,15,0,2,2,5.59,19,0,2,1,1,0,1,1.48,4,0.80,Low,"High Risk",0,0
1264,15,0,0,2,2.55,19,0,4,0,0,1,1,1.45,4,0.36,Low,"High Risk",0,0
1265,17,0,2,1,12.79,23,0,2,0,0,0,0,0.81,4,1.83,Low,"High Risk",0,0
1266,16,1,2,2,1.50,10,1,3,0,0,0,0,2.15,3,0.21,Medium,"High Risk",0,0
1267,18,0,0,1,2.68,26,0,3,0,0,0,0,0.56,4,0.38,Low,"High Risk",0,0
1268,18,1,1,3,12.90,28,0,3,0,0,0,0,0.58,4,1.84,Low,"High Risk",0,0
1269,17,1,0,1,6.79,13,0,0,0,1,1,1,1.60,4,0.97,Low,"High Risk",0,0
1270,17,1,2,0,14.16,21,1,2,0,1,0,0,1.00,4,2.02,Low,"High Risk",0,0
1271,16,1,0,2,11.15,15,0,3,0,0,0,0,1.66,4,1.59,Low,"High Risk",0,0
1272,18,0,1,2,5.12,13,0,3,0,0,0,1,1.53,4,0.73,Low,"High Risk",0,0
1273,18,1,1,2,13.02,11,0,4,0,0,0,0,2.21,3,1.86,Medium,"High Risk",0,0
1274,18,0,0,1,2.33,16,0,3,0,0,0,1,1.16,4,0.33,Low,"High Risk",0,0
1275,15,1,0,2,10.73,13,1,1,0,0,0,0,2.15,3,1.53,Medium,"High Risk",0,0
1276,18,1,1,1,8.74,9,0,2,1,0,0,1,2.59,2,1.25,Medium,"Medium Risk",0,0
1277,15,0,2,3,5.36,23,0,0,1,1,0,0,0.91,4,0.77,Low,"High Risk",0,0
1278,16,0,0,3,12.08,28,1,3,0,0,0,0,0.70,4,1.73,Low,"High Risk",0,0
1279,15,0,1,2,17.43,13,1,2,0,0,0,0,2.14,3,2.49,Medium,"High Risk",0,0
1280,16,1,0,1,19.98,17,0,3,0,0,0,0,1.55,4,2.85,Low,"High Risk",0,0
1281,18,1,2,2,12.16,21,0,4,0,0,0,1,1.55,4,1.74,Low,"High Risk",0,0
1282,18,0,0,0,8.09,8,1,3,0,0,1,0,2.97,2,1.16,Medium,"Medium Risk",0,0
1283,16,0,2,2,4.50,16,0,2,1,0,0,1,1.63,4,0.64,Low,"High Risk",0,0
1284,17,0,0,1,5.14,5,1,1,0,0,0,0,2.33,3,0.73,Medium,"Medium Risk",0,0
1285,16,0,0,3,9.59,7,1,3,1,1,1,0,3.27,1,1.37,Medium,"Medium Risk",0,0
1286,17,1,0,0,7.35,25,0,1,0,0,0,0,0.35,4,1.05,Low,"High Risk",0,0
1287,15,0,0,2,18.28,12,1,1,0,0,0,0,1.89,4,2.61,Low,"High Risk",0,0
1288,15,0,1,2,7.37,17,0,1,0,0,0,0,1.46,4,1.05,Low,"High Risk",0,0
1289,15,0,0,2,7.47,4,0,2,1,0,0,0,2.55,2,1.07,Medium,"Low Risk",0,0
1290,18,0,2,0,7.67,5,0,1,0,0,0,0,2.22,3,1.10,Medium,"Medium Risk",0,0
1291,15,1,0,4,16.73,20,1,4,0,1,1,0,1.85,4,2.39,Low,"High Risk",0,0
1292,17,0,0,2,13.02,18,0,4,1,0,0,0,1.85,4,1.86,Low,"High Risk",0,0
1293,15,1,0,2,12.28,3,0,4,0,0,1,0,3.27,1,1.75,Medium,"Low Risk",0,0
1294,16,0,0,1,6.68,6,1,0,0,0,0,1,2.55,2,0.95,Medium,"Medium Risk",0,0
1295,16,0,0,2,16.36,3,0,4,0,0,0,0,3.10,1,2.34,Medium,"Low Risk",0,0
1296,18,1,0,2,0.77,24,0,4,0,0,1,0,0.66,4,0.11,Low,"High Risk",0,0
1297,16,0,0,0,17.42,10,1,4,0,1,0,0,3.09,1,2.49,Medium,"High Risk",0,0
1298,17,1,0,1,10.25,11,1,3,0,0,0,0,1.99,4,1.46,Low,"High Risk",0,0
1299,15,1,1,3,7.97,13,1,3,0,1,0,0,2.61,2,1.14,Medium,"High Risk",0,0
1300,18,0,1,1,9.94,12,1,1,0,0,0,0,1.73,4,1.42,Low,"High Risk",0,0
1301,15,1,0,1,13.35,28,0,3,1,0,0,0,1.11,4,1.91,Low,"High Risk",0,0
1302,15,1,0,2,0.26,9,0,0,1,0,0,0,1.65,4,0.04,Low,"Medium Risk",0,0
1303,17,1,3,2,17.43,17,0,2,0,0,0,0,1.34,4,2.49,Low,"High Risk",0,0
1304,16,1,1,0,8.93,15,0,4,0,0,0,0,1.98,4,1.28,Low,"High Risk",0,0
1305,16,1,1,2,6.86,4,0,2,0,1,1,0,3.06,1,0.98,Medium,"Low Risk",0,0
1306,15,1,0,1,2.76,7,1,1,0,0,0,0,2.39,3,0.39,Medium,"Medium Risk",0,0
1307,18,1,2,0,8.79,13,0,4,0,0,0,0,2.08,3,1.26,Medium,"High Risk",0,0
1308,16,1,2,0,9.93,4,0,4,0,1,0,1,3.65,0,1.42,High,"Low Risk",0,0
1309,18,0,1,3,8.07,25,0,1,1,0,0,0,0.32,4,1.15,Low,"High Risk",0,0
1310,16,0,3,1,13.57,27,0,3,0,1,0,0,1.13,4,1.94,Low,"High Risk",0,0
1311,18,1,0,0,8.42,23,0,2,1,0,0,0,0.63,4,1.20,Low,"High Risk",0,0
1312,17,0,0,2,19.23,7,0,2,0,0,1,1,3.16,1,2.75,Medium,"Medium Risk",0,0
1313,18,1,2,3,11.99,24,0,1,0,0,0,0,0.68,4,1.71,Low,"High Risk",0,0
1314,17,1,2,1,16.15,25,0,0,0,0,0,0,0.80,4,2.31,Low,"High Risk",0,0
1315,17,0,0,2,2.19,5,1,1,0,1,0,0,2.84,2,0.31,Medium,"Medium Risk",0,0
1316,18,1,0,0,7.95,15,1,0,0,1,0,0,1.25,4,1.14,Low,"High Risk",0,0
1317,17,1,0,2,6.74,27,0,4,0,0,0,0,0.53,4,0.96,Low,"High Risk",0,0
1318,15,1,0,2,11.39,3,1,3,1,0,0,0,3.19,1,1.63,Medium,"Low Risk",0,0
1319,17,1,2,2,17.22,11,0,3,0,0,1,0,2.82,2,2.46,Medium,"High Risk",0,0
1320,16,0,1,1,1.57,10,0,3,0,0,0,0,2.16,3,0.22,Medium,"High Risk",0,0
1321,18,1,0,1,1.45,2,0,1,1,0,0,0,2.72,2,0.21,Medium,"Low Risk",0,0
1322,15,1,0,1,17.01,11,0,4,1,0,0,0,2.63,2,2.43,Medium,"High Risk",0,0
1323,18,1,0,1,4.26,29,1,3,1,1,0,0,0.91,4,0.61,Low,"High Risk",0,0
1324,16,0,0,0,13.38,4,0,2,0,0,0,0,2.61,2,1.91,Medium,"Low Risk",0,0
1325,16,1,1,2,10.86,5,1,1,0,1,0,0,2.98,2,1.55,Medium,"Medium Risk",0,0
1326,16,0,3,4,16.66,18,0,3,0,0,0,0,1.63,4,2.38,Low,"High Risk",0,0
1327,17,0,2,4,2.50,17,0,3,0,1,0,0,1.36,4,0.36,Low,"High Risk",0,0
1328,17,1,0,3,2.60,15,1,3,0,0,0,0,1.92,4,0.37,Low,"High Risk",0,0
1329,18,1,2,2,11.14,22,0,0,0,0,0,0,1.01,4,1.59,Low,"High Risk",0,0
1330,18,0,2,2,18.93,10,0,1,1,1,0,0,2.33,3,2.70,Medium,"High Risk",0,0
1331,15,1,2,1,8.30,4,0,2,1,1,1,0,3.39,1,1.19,Medium,"Low Risk",0,0
1332,15,0,0,2,6.54,8,0,3,0,1,0,0,2.38,3,0.93,Medium,"Medium Risk",0,0
1333,18,0,0,2,12.13,2,0,0,0,0,0,0,2.78,2,1.73,Medium,"Low Risk",0,0
1334,17,1,0,2,18.61,29,0,2,0,1,0,1,0.53,4,2.66,Low,"High Risk",0,0
1335,16,1,0,2,16.74,7,0,2,0,0,0,0,2.54,2,2.39,Medium,"Medium Risk",0,0
1336,18,0,0,1,19.91,5,0,3,0,0,0,0,3.01,1,2.84,Medium,"Medium Risk",0,0
1337,15,0,0,1,0.45,3,0,2,1,0,0,0,2.99,2,0.06,Medium,"Low Risk",0,0
1338,17,0,0,3,2.26,11,0,2,0,1,0,0,1.95,4,0.32,Low,"High Risk",0,0
1339,18,0,2,0,12.19,11,0,3,0,0,0,0,2.15,3,1.74,Medium,"High Risk",0,0
1340,18,1,0,2,16.41,24,0,4,0,0,0,1,1.18,4,2.34,Low,"High Risk",0,0
1341,17,1,0,3,5.70,20,0,1,1,0,0,0,1.40,4,0.81,Low,"High Risk",0,0
1342,18,1,3,2,4.78,15,0,1,1,0,1,0,1.76,4,0.68,Low,"High Risk",0,0
1343,17,1,3,2,15.74,9,0,4,1,0,1,0,2.90,2,2.25,Medium,"Medium Risk",0,0
1344,16,1,2,1,1.13,21,0,2,0,0,0,0,1.03,4,0.16,Low,"High Risk",0,0
1345,17,0,3,1,7.39,13,0,3,0,0,0,1,1.91,4,1.06,Low,"High Risk",0,0
1346,17,1,1,3,10.12,12,0,3,0,0,0,0,1.88,4,1.45,Low,"High Risk",0,0
1347,17,1,3,2,11.21,8,0,1,0,1,1,0,2.61,2,1.60,Medium,"Medium Risk",0,0
1348,18,1,0,2,14.57,6,0,3,1,0,1,0,3.11,1,2.08,Medium,"Medium Risk",0,0
1349,18,1,0,0,7.10,11,0,3,0,0,0,0,1.39,4,1.01,Low,"High Risk",0,0
1350,17,1,0,0,12.25,4,0,2,0,0,0,0,2.83,2,1.75,Medium,"Low Risk",0,0
1351,18,0,0,4,11.71,17,0,0,0,0,1,0,1.09,4,1.67,Low,"High Risk",0,0
1352,15,0,0,1,10.95,3,0,4,0,0,0,0,2.87,2,1.56,Medium,"Low Risk",0,0
1353,15,0,1,2,12.81,1,0,2,0,1,0,0,2.90,2,1.83,Medium,"Low Risk",0,0
1354,18,1,2,0,5.19,2,1,3,0,0,0,0,3.18,1,0.74,Medium,"Low Risk",0,0
1355,18,0,1,2,1.69,25,0,3,0,0,0,0,0.47,4,0.24,Low,"High Risk",0,0
1356,17,0,0,3,2.39,11,1,2,0,0,0,0,2.21,3,0.34,Medium,"High Risk",0,0
1357,16,1,2,2,4.49,2,1,3,1,1,0,0,3.38,1,0.64,Medium,"Low Risk",0,0
1358,18,1,1,1,10.00,3,0,4,0,1,0,0,3.20,1,1.43,Medium,"Low Risk",0,0
1359,15,1,0,2,16.81,5,0,2,0,0,1,0,3.35,1,2.40,Medium,"Medium Risk",0,0
1360,17,0,1,2,14.03,11,0,2,0,0,0,0,1.73,4,2.00,Low,"High Risk",0,0
1361,18,0,0,2,15.78,18,0,4,1,0,0,0,2.22,3,2.25,Medium,"High Risk",0,0
1362,15,1,0,3,7.02,9,0,1,1,0,0,1,2.00,3,1.00,Medium,"Medium Risk",0,0
1363,15,1,3,2,8.09,29,1,0,0,0,0,0,0.72,4,1.16,Low,"High Risk",0,0
1364,16,0,0,3,7.87,0,1,4,0,0,1,0,3.88,0,1.12,High,"Low Risk",0,0
1365,17,0,0,2,3.84,16,0,3,1,0,1,0,1.69,4,0.55,Low,"High Risk",0,0
1366,17,1,2,1,1.22,15,0,4,1,1,0,1,1.76,4,0.17,Low,"High Risk",0,0
1367,16,1,2,1,11.82,8,0,0,0,0,0,0,2.14,3,1.69,Medium,"Medium Risk",0,0
1368,16,0,0,1,19.78,24,1,1,0,1,0,0,0.91,4,2.83,Low,"High Risk",0,0
1369,17,1,0,3,3.34,20,1,1,0,0,0,0,1.14,4,0.48,Low,"High Risk",0,0
1370,17,0,0,2,0.93,8,1,3,1,0,0,1,2.35,3,0.13,Medium,"Medium Risk",0,0
1371,18,0,1,2,15.59,26,0,3,0,0,0,0,0.62,4,2.23,Low,"High Risk",0,0
1372,18,0,0,1,5.05,22,0,2,0,0,1,0,0.34,4,0.72,Low,"High Risk",0,0
1373,16,0,0,1,16.59,8,0,0,0,0,0,0,2.22,3,2.37,Medium,"Medium Risk",0,0
1374,18,1,3,2,14.08,11,0,3,0,0,0,1,2.33,3,2.01,Medium,"High Risk",0,0
1375,15,1,1,2,18.91,22,1,2,1,0,0,0,1.62,4,2.70,Low,"High Risk",0,0
1376,18,0,0,1,8.18,8,1,1,1,0,0,0,2.20,3,1.17,Medium,"Medium Risk",0,0
1377,18,0,1,2,13.24,14,0,4,0,1,0,0,2.58,2,1.89,Medium,"High Risk",0,0
1378,15,0,1,0,9.30,1,0,1,1,0,0,0,3.00,2,1.33,Medium,"Low Risk",0,0
1379,16,0,0,1,12.61,10,0,3,0,0,1,0,2.37,3,1.80,Medium,"High Risk",0,0
1380,15,0,0,2,8.99,10,1,3,1,0,0,0,2.83,2,1.28,Medium,"High Risk",0,0
1381,18,1,2,1,3.77,7,0,2,1,1,0,1,2.53,2,0.54,Medium,"Medium Risk",0,0
1382,16,1,0,4,10.16,22,0,1,1,0,0,0,1.04,4,1.45,Low,"High Risk",0,0
1383,18,1,1,1,10.57,5,0,2,1,0,0,1,2.66,2,1.51,Medium,"Medium Risk",0,0
1384,15,1,0,1,16.21,20,0,3,0,0,0,0,1.60,4,2.32,Low,"High Risk",0,0
1385,15,0,0,1,14.71,19,1,1,1,0,0,0,1.80,4,2.10,Low,"High Risk",0,0
1386,18,0,0,2,13.28,6,0,3,0,0,0,0,2.66,2,1.90,Medium,"Medium Risk",0,0
1387,17,0,0,2,2.27,2,0,4,0,0,0,0,3.00,2,0.32,Medium,"Low Risk",0,0
1388,17,0,0,2,14.41,7,0,4,0,0,1,0,2.98,2,2.06,Medium,"Medium Risk",0,0
1389,15,0,0,0,10.01,17,0,2,0,0,0,0,1.38,4,1.43,Low,"High Risk",0,0
1390,15,1,2,0,17.88,16,0,3,1,0,0,1,1.85,4,2.55,Low,"High Risk",0,0
1391,17,0,3,2,18.40,10,0,4,0,0,0,0,2.44,3,2.63,Medium,"High Risk",0,0
1392,17,1,2,3,1.10,1,0,2,1,0,0,0,2.86,2,0.16,Medium,"Low Risk",0,0
1393,18,1,2,3,16.41,24,1,1,1,0,0,0,1.21,4,2.34,Low,"High Risk",0,0
1394,18,1,0,0,0.75,20,0,1,1,1,0,0,0.90,4,0.11,Low,"High Risk",0,0
1395,17,1,3,2,7.34,26,0,1,0,0,0,0,0.27,4,1.05,Low,"High Risk",0,0
1396,18,0,0,3,10.85,23,0,3,0,0,1,0,0.67,4,1.55,Low,"High Risk",0,0
1397,18,1,3,1,2.96,18,0,2,0,0,0,0,1.09,4,0.42,Low,"High Risk",0,0
1398,16,1,3,3,14.93,6,0,3,0,0,0,0,2.81,2,2.13,Medium,"Medium Risk",0,0
1399,18,1,2,1,0.17,17,1,3,1,0,0,1,1.87,4,0.02,Low,"High Risk",0,0
1400,15,0,3,3,3.37,7,0,3,1,1,0,0,3.04,1,0.48,Medium,"Medium Risk",0,0
1401,18,0,1,2,11.62,13,0,3,0,0,0,1,2.14,3,1.66,Medium,"High Risk",0,0
1402,18,0,0,3,14.29,6,0,0,1,0,1,0,3.04,1,2.04,Medium,"Medium Risk",0,0
1403,17,1,0,2,18.33,27,0,3,0,1,0,0,0.99,4,2.62,Low,"High Risk",0,0
1404,15,1,1,1,14.11,20,0,2,0,0,0,0,1.23,4,2.02,Low,"High Risk",0,0
1405,18,0,0,3,13.44,27,0,2,0,1,0,0,0.86,4,1.92,Low,"High Risk",0,0
1406,18,1,1,1,7.89,26,0,0,0,0,0,0,0.12,4,1.13,Low,"High Risk",0,0
1407,16,0,3,1,0.03,3,0,4,1,0,0,0,2.93,2,0.00,Medium,"Low Risk",0,0
1408,18,0,0,2,2.40,16,0,4,1,0,0,0,2.05,3,0.34,Medium,"High Risk",0,0
1409,18,1,2,2,10.69,4,0,2,1,0,0,0,3.07,1,1.53,Medium,"Low Risk",0,0
1410,16,1,3,3,13.50,11,0,2,0,1,0,0,2.44,3,1.93,Medium,"High Risk",0,0
1411,17,1,3,1,8.35,8,0,3,0,1,0,0,2.43,3,1.19,Medium,"Medium Risk",0,0
1412,18,1,3,2,14.61,25,0,1,0,0,0,0,0.78,4,2.09,Low,"High Risk",0,0
1413,16,0,1,2,10.44,19,1,1,1,1,1,0,1.88,4,1.49,Low,"High Risk",0,0
1414,15,0,3,0,1.48,12,0,3,0,0,0,0,1.60,4,0.21,Low,"High Risk",0,0
1415,17,0,2,1,3.84,24,0,1,0,1,0,0,0.70,4,0.55,Low,"High Risk",0,0
1416,15,0,0,1,16.80,27,0,2,1,1,0,0,0.76,4,2.40,Low,"High Risk",0,0
1417,15,0,0,1,14.50,17,1,2,1,0,0,0,1.50,4,2.07,Low,"High Risk",0,0
1418,16,1,2,4,17.90,19,1,2,1,0,0,0,1.53,4,2.56,Low,"High Risk",0,0
1419,18,0,0,2,2.35,8,0,1,1,1,0,0,2.27,3,0.34,Medium,"Medium Risk",0,0
1420,16,0,1,2,19.80,3,0,2,0,0,0,0,3.40,1,2.83,Medium,"Low Risk",0,0
1421,16,0,1,4,4.19,20,1,2,0,1,0,0,1.44,4,0.60,Low,"High Risk",0,0
1422,16,1,0,1,0.24,26,0,2,0,0,1,0,0.34,4,0.03,Low,"High Risk",0,0
1423,16,1,1,3,19.95,7,0,3,0,0,0,0,3.11,1,2.85,Medium,"Medium Risk",0,0
1424,17,1,2,2,5.62,0,1,4,0,0,1,0,3.77,0,0.80,High,"Low Risk",0,0
1425,18,1,0,3,13.36,16,0,1,0,0,0,0,1.66,4,1.91,Low,"High Risk",0,0
1426,15,0,0,1,3.53,24,0,3,1,0,0,1,1.05,4,0.50,Low,"High Risk",0,0
1427,15,0,0,3,11.60,8,1,1,0,0,1,0,2.54,2,1.66,Medium,"Medium Risk",0,0
1428,18,1,0,1,18.08,19,0,2,0,0,0,1,1.40,4,2.58,Low,"High Risk",0,0
1429,15,1,3,1,6.40,12,0,2,1,1,0,0,2.03,3,0.91,Medium,"High Risk",0,0
1430,18,0,0,2,13.41,1,0,2,0,0,0,0,3.27,1,1.92,Medium,"Low Risk",0,0
1431,15,0,1,1,3.76,12,0,3,1,1,0,0,2.02,3,0.54,Medium,"High Risk",0,0
1432,16,1,0,2,12.50,8,0,2,1,0,0,0,2.40,3,1.79,Medium,"Medium Risk",0,0
1433,15,1,0,2,6.73,29,0,2,1,0,0,0,0.29,4,0.96,Low,"High Risk",0,0
1434,18,1,2,2,4.22,19,0,3,0,1,1,0,1.55,4,0.60,Low,"High Risk",0,0
1435,18,1,2,1,6.26,5,1,1,1,0,0,0,2.91,2,0.89,Medium,"Medium Risk",0,0
1436,18,0,0,0,3.58,27,0,1,0,1,0,0,0.25,4,0.51,Low,"High Risk",0,0
1437,18,0,0,1,18.04,0,1,0,1,0,0,0,3.42,1,2.58,Medium,"Low Risk",0,0
1438,18,0,0,2,7.94,27,1,1,0,0,0,0,0.58,4,1.13,Low,"High Risk",0,0
1439,17,1,0,1,4.91,24,0,2,0,1,0,0,0.93,4,0.70,Low,"High Risk",0,0
1440,17,1,1,1,8.97,4,0,2,1,0,1,0,2.68,2,1.28,Medium,"Low Risk",0,0
1441,15,0,0,1,6.41,2,1,1,0,0,0,1,3.11,1,0.92,Medium,"Low Risk",0,0
1442,18,0,0,0,14.89,3,0,0,1,0,0,1,2.78,2,2.13,Medium,"Low Risk",0,0
1443,15,0,0,2,19.42,0,0,3,0,1,1,1,4.00,0,2.77,High,"Low Risk",0,0
1444,18,0,3,3,8.76,13,0,3,1,1,1,0,2.33,3,1.25,Medium,"High Risk",0,0
1445,18,1,3,1,17.22,8,1,4,1,0,0,0,3.07,1,2.46,Medium,"Medium Risk",0,0
1446,17,0,0,2,11.32,29,0,4,0,1,0,0,0.87,4,1.62,Low,"High Risk",0,0
1447,17,0,2,2,3.14,23,0,4,0,1,0,1,1.52,4,0.45,Low,"High Risk",0,0
1448,16,0,0,2,13.81,3,0,3,1,1,1,1,3.29,1,1.97,Medium,"Low Risk",0,0
1449,17,0,0,2,10.27,17,1,3,1,0,0,0,2.18,3,1.47,Medium,"High Risk",0,0
1450,16,0,2,2,13.01,13,0,1,0,0,0,0,1.85,4,1.86,Low,"High Risk",0,0
1451,16,0,3,2,17.79,24,0,3,1,1,0,1,1.48,4,2.54,Low,"High Risk",0,0
1452,16,0,3,0,8.81,3,0,0,0,0,0,0,2.88,2,1.26,Medium,"Low Risk",0,0
1453,16,1,1,2,18.02,24,0,3,0,1,1,0,1.06,4,2.57,Low,"High Risk",0,0
1454,16,1,0,2,15.01,9,0,2,0,0,0,1,2.57,2,2.14,Medium,"Medium Risk",0,0
1455,15,1,2,0,9.77,2,0,3,1,0,1,0,3.59,0,1.40,High,"Low Risk",0,0
1456,17,1,0,1,12.06,22,0,0,1,1,0,1,1.30,4,1.72,Low,"High Risk",0,0
1457,16,0,1,4,6.51,6,1,2,0,1,1,0,3.21,1,0.93,Medium,"Medium Risk",0,0
1458,18,1,0,2,19.67,9,0,2,0,0,0,0,2.54,2,2.81,Medium,"Medium Risk",0,0
1459,17,1,1,2,13.35,12,0,1,1,0,0,0,1.99,4,1.91,Low,"High Risk",0,0
1460,17,0,0,3,0.88,3,1,2,0,1,1,0,3.00,1,0.13,Medium,"Low Risk",0,0
1461,16,0,0,2,6.53,17,0,0,1,1,0,0,1.51,4,0.93,Low,"High Risk",0,0
1462,15,1,3,2,12.47,10,0,2,0,0,0,1,2.17,3,1.78,Medium,"High Risk",0,0
1463,16,1,0,2,1.13,24,1,2,0,0,0,1,0.64,4,0.16,Low,"High Risk",0,0
1464,15,0,1,3,0.48,3,0,3,0,1,0,0,2.75,2,0.07,Medium,"Low Risk",0,0
1465,18,1,0,2,9.00,23,0,2,1,0,1,0,1.04,4,1.29,Low,"High Risk",0,0
1466,17,0,0,2,6.65,13,0,2,1,1,0,0,2.26,3,0.95,Medium,"High Risk",0,0
1467,18,0,0,1,8.77,17,0,4,0,0,0,0,1.67,4,1.25,Low,"High Risk",0,0
1468,15,0,0,4,5.25,7,0,2,0,0,0,0,2.50,3,0.75,Medium,"Medium Risk",0,0
1469,15,0,2,2,3.29,26,1,2,0,0,0,0,0.28,4,0.47,Low,"High Risk",0,0
1470,18,1,0,0,13.78,9,0,2,1,0,0,0,2.64,2,1.97,Medium,"Medium Risk",0,0
1471,15,0,3,3,10.29,4,0,3,1,1,0,1,3.06,1,1.47,Medium,"Low Risk",0,0
1472,18,0,1,2,4.00,22,0,2,1,1,0,0,1.36,4,0.57,Low,"High Risk",0,0
1473,17,1,0,0,6.39,6,1,2,1,0,1,0,3.24,1,0.91,Medium,"Medium Risk",0,0
1474,18,0,1,2,11.84,11,1,3,1,1,0,0,2.57,2,1.69,Medium,"High Risk",0,0
1475,17,1,1,2,1.44,24,0,0,0,0,0,0,0.00,4,0.21,Low,"High Risk",0,0
1476,18,1,2,3,2.95,2,1,3,0,1,0,1,3.14,1,0.42,Medium,"Low Risk",0,0
1477,15,1,0,1,1.46,25,1,2,1,0,0,0,1.05,4,0.21,Low,"High Risk",0,0
1478,18,0,0,3,16.25,3,0,2,0,0,0,1,2.87,2,2.32,Medium,"Low Risk",0,0
1479,15,1,2,2,15.05,9,0,3,0,0,0,0,2.64,2,2.15,Medium,"Medium Risk",0,0
1480,18,1,3,0,15.07,3,0,1,0,0,0,0,2.67,2,2.15,Medium,"Low Risk",0,0
1481,18,0,2,4,14.33,14,1,3,0,1,1,0,2.79,2,2.05,Medium,"High Risk",0,0
1482,16,1,0,2,13.39,28,1,4,0,0,0,1,1.19,4,1.91,Low,"High Risk",0,0
1483,15,1,2,1,9.54,9,0,2,0,0,0,0,2.52,2,1.36,Medium,"Medium Risk",0,0
1484,16,1,0,2,12.85,20,0,4,0,0,1,0,1.60,4,1.84,Low,"High Risk",0,0
1485,15,1,0,3,0.77,29,0,0,0,0,0,0,0.00,4,0.11,Low,"High Risk",0,0
1486,16,1,0,1,12.43,21,1,3,0,0,1,0,1.60,4,1.78,Low,"High Risk",0,0
1487,17,0,1,1,15.56,15,1,2,1,0,0,0,2.22,3,2.22,Medium,"High Risk",0,0
1488,18,1,0,1,10.01,14,0,2,0,0,0,1,1.62,4,1.43,Low,"High Risk",0,0
1489,15,1,0,1,7.15,18,0,1,1,1,0,1,1.68,4,1.02,Low,"High Risk",0,0
1490,15,0,2,2,5.55,28,0,2,1,0,0,0,0.21,4,0.79,Low,"High Risk",0,0
1491,18,0,0,2,12.86,19,1,1,1,0,0,0,1.56,4,1.84,Low,"High Risk",0,0
1492,15,0,0,1,13.86,18,0,4,1,1,0,0,2.15,3,1.98,Medium,"High Risk",0,0
1493,15,1,0,1,17.42,17,0,3,0,1,0,0,2.07,3,2.49,Medium,"High Risk",0,0
1494,16,0,3,1,6.85,25,1,1,0,1,0,0,0.57,4,0.98,Low,"High Risk",0,0
1495,15,1,1,3,15.40,11,0,1,1,0,0,0,2.16,3,2.20,Medium,"High Risk",0,0
1496,17,1,0,1,11.23,24,1,3,0,0,1,0,1.29,4,1.60,Low,"High Risk",0,0
1497,17,0,2,4,17.66,15,0,2,0,1,1,0,2.34,3,2.52,Medium,"High Risk",0,0
1498,18,0,2,2,10.56,0,0,1,0,0,0,0,2.92,2,1.51,Medium,"Low Risk",0,0
1499,15,1,0,1,10.35,15,1,2,1,0,1,0,2.19,3,1.48,Medium,"High Risk",0,0
1500,18,0,1,3,11.56,1,0,2,0,0,0,0,3.07,1,1.65,Medium,"Low Risk",0,0
1501,17,1,2,2,14.99,23,0,1,0,0,0,0,1.01,4,2.14,Low,"High Risk",0,0
1502,15,0,1,2,19.29,14,0,3,1,1,0,0,2.12,3,2.76,Medium,"High Risk",0,0
1503,15,0,0,4,1.47,6,0,3,1,0,0,0,2.62,2,0.21,Medium,"Medium Risk",0,0
1504,18,0,2,0,1.07,27,0,0,0,1,1,0,0.42,4,0.15,Low,"High Risk",0,0
1505,17,1,1,0,18.75,0,1,4,1,0,0,0,3.95,0,2.68,High,"Low Risk",0,0
1506,15,0,0,2,10.60,4,1,2,0,1,0,0,3.02,1,1.51,Medium,"Low Risk",0,0
1507,18,1,0,1,12.30,9,1,1,1,0,0,0,2.81,2,1.76,Medium,"Medium Risk",0,0
1508,17,1,0,1,9.65,21,0,1,0,0,0,0,0.77,4,1.38,Low,"High Risk",0,0
1509,18,1,0,0,1.87,20,1,1,0,0,0,0,0.89,4,0.27,Low,"High Risk",0,0
1510,16,1,2,0,15.36,3,1,2,1,1,0,0,3.67,0,2.19,High,"Low Risk",0,0
1511,15,0,0,2,14.94,13,0,1,0,1,0,0,1.40,4,2.13,Low,"High Risk",0,0
1512,16,1,0,1,6.23,12,0,2,0,0,0,1,1.42,4,0.89,Low,"High Risk",0,0
1513,17,1,1,2,6.12,0,0,1,1,0,0,1,3.15,1,0.87,Medium,"Low Risk",0,0
1514,16,0,0,2,16.76,15,1,3,0,1,0,1,2.35,3,2.39,Medium,"High Risk",0,0
1515,16,1,3,2,1.45,22,0,3,1,1,0,0,1.16,4,0.21,Low,"High Risk",0,0
1516,17,0,0,0,17.62,8,1,2,0,0,0,0,2.65,2,2.52,Medium,"Medium Risk",0,0
1517,18,1,0,2,5.13,21,0,3,0,1,1,0,1.30,4,0.73,Low,"High Risk",0,0
1518,16,0,0,0,11.86,15,1,4,1,0,0,0,2.64,2,1.69,Medium,"High Risk",0,0
1519,18,1,0,2,18.72,18,0,3,0,0,0,0,1.74,4,2.67,Low,"High Risk",0,0
1520,16,0,0,3,13.56,14,0,2,0,0,0,0,2.02,3,1.94,Medium,"High Risk",0,0
1521,18,1,2,2,8.29,25,0,2,0,1,0,0,0.72,4,1.18,Low,"High Risk",0,0
1522,17,1,3,2,13.79,13,0,3,1,0,0,0,2.27,3,1.97,Medium,"High Risk",0,0
1523,16,0,0,2,6.88,19,1,1,0,0,0,0,1.27,4,0.98,Low,"High Risk",0,0
1524,17,0,1,1,5.55,9,1,2,0,1,0,0,2.62,2,0.79,Medium,"Medium Risk",0,0
1525,16,0,2,3,19.93,20,0,2,0,0,0,0,1.23,4,2.85,Low,"High Risk",0,0
1526,17,0,2,3,15.02,11,0,3,0,1,0,1,2.50,3,2.15,Medium,"High Risk",0,0
1527,17,1,0,1,12.89,27,0,3,0,1,0,0,0.70,4,1.84,Low,"High Risk",0,0
1528,16,1,0,2,7.11,0,0,2,1,1,1,0,3.86,0,1.02,High,"Low Risk",0,0
1529,16,0,0,3,0.98,20,0,1,1,0,1,0,0.68,4,0.14,Low,"High Risk",0,0
1530,16,1,2,4,0.62,16,1,4,0,0,0,0,1.89,4,0.09,Low,"High Risk",0,0
1531,15,0,2,2,11.08,8,1,0,0,1,0,0,2.33,3,1.58,Medium,"Medium Risk",0,0
1532,18,0,0,2,15.24,22,0,0,1,0,1,0,0.88,4,2.18,Low,"High Risk",0,0
1533,15,1,0,1,10.75,18,0,2,0,0,1,0,1.41,4,1.54,Low,"High Risk",0,0
1534,15,1,3,4,16.82,24,0,3,0,1,1,1,1.66,4,2.40,Low,"High Risk",0,0
1535,17,1,2,1,0.67,17,0,3,1,0,0,0,1.34,4,0.10,Low,"High Risk",0,0
1536,16,1,3,2,7.34,27,0,4,1,1,0,0,0.66,4,1.05,Low,"High Risk",0,0
1537,18,1,2,1,4.74,6,0,1,0,0,1,0,2.15,3,0.68,Medium,"Medium Risk",0,0
1538,17,1,0,1,8.95,8,0,2,0,0,1,0,2.44,3,1.28,Medium,"Medium Risk",0,0
1539,15,1,1,2,1.45,21,0,1,0,0,0,0,0.27,4,0.21,Low,"High Risk",0,0
1540,16,0,1,4,19.08,25,0,3,0,0,1,0,1.32,4,2.73,Low,"High Risk",0,0
1541,17,0,0,0,4.47,20,0,2,1,0,0,0,0.82,4,0.64,Low,"High Risk",0,0
1542,16,0,1,2,18.45,11,0,0,0,1,0,0,2.06,3,2.64,Medium,"High Risk",0,0
1543,17,0,2,0,8.52,6,1,3,1,0,0,0,3.22,1,1.22,Medium,"Medium Risk",0,0
1544,16,0,0,1,19.71,13,1,2,0,0,0,0,2.24,3,2.82,Medium,"High Risk",0,0
1545,15,1,2,2,11.08,14,1,2,0,1,0,0,1.91,4,1.58,Low,"High Risk",0,0
1546,18,0,1,2,18.62,14,0,3,0,0,1,0,2.24,3,2.66,Medium,"High Risk",0,0
1547,15,0,3,1,0.11,5,0,1,1,0,0,0,2.25,3,0.02,Medium,"Medium Risk",0,0
1548,18,0,0,1,14.96,20,0,1,1,1,1,0,1.89,4,2.14,Low,"High Risk",0,0
1549,16,0,0,0,18.06,13,0,1,0,0,1,0,2.21,3,2.58,Medium,"High Risk",0,0
1550,17,0,1,1,2.79,1,1,2,0,1,0,0,3.34,1,0.40,Medium,"Low Risk",0,0
1551,15,0,0,4,1.92,7,0,1,1,1,0,0,2.41,3,0.27,Medium,"Medium Risk",0,0
1552,18,0,2,3,8.49,12,0,3,0,1,0,0,2.16,3,1.21,Medium,"High Risk",0,0
1553,15,1,2,1,18.67,22,0,1,0,1,0,0,1.17,4,2.67,Low,"High Risk",0,0
1554,18,1,0,2,10.85,5,0,4,0,0,0,0,2.58,2,1.55,Medium,"Medium Risk",0,0
1555,15,0,1,3,10.55,4,1,1,0,1,0,0,3.02,1,1.51,Medium,"Low Risk",0,0
1556,18,1,1,0,2.82,4,0,1,1,1,0,1,2.58,2,0.40,Medium,"Low Risk",0,0
1557,18,1,0,3,0.02,24,0,1,0,0,0,0,0.23,4,0.00,Low,"High Risk",0,0
1558,16,1,3,3,16.20,0,0,3,1,0,0,0,3.65,0,2.31,High,"Low Risk",0,0
